{
  "model_type": "linear_arrival_time_predictor",
  "trained_date": "2026-07-14T07:02:31.833406",
  "training_samples": 100,
  "coefficients": {
    "intercept": -1.3896183280069696,
    "distance": 3.204859925182378,
    "traffic": 0.7222754491017964
  },
  "statistics": {
    "mean_arrival_minutes": 26.277000000000008,
    "distance_range": [
      0.59,
      14.59
    ],
    "traffic_range": [
      1.0,
      10.0
    ],
    "arrival_range": [
      2.2,
      51.5
    ]
  }
}